PPT날짜_페이지,time,중지,검지,약지,소지,엄지,손동작
0422_4,0.238,-0.06979,-0.08375,0.02608,-0.14224,-0.01948,2
0422_4,0.404,-0.0063,-0.21031,0.04727,-0.22615,-0.17641,2
